t,step,S,C,A,Ey,Ey_max,theta
0,0,0.00026674007224149643,1.3552527156068805e-20,3.1415220589164946e-05,8.4894942636352056e-10,4.9926239829716576e-11,0.50010826064647662
0.14983748821483461,4,0.00026653666230878328,-1.5199836831888969e-16,3.1391264054053774e-05,2.0101354287677713e-09,1.8429568235725835e-10,0.50010847803797753
0.2996749764296639,8,0.00026594583274323707,-3.4298058100221129e-16,3.1321679304464927e-05,4.2306713979948954e-09,3.135698683924795e-10,0.50010907903218815
0.44951246464448585,12,0.00026502434375142824,-3.3045126964642568e-16,3.1213151254273986e-05,5.8013650713186967e-09,3.5365939985829482e-10,0.50010993209099719
0.59934995285931791,16,0.00026386227333988904,-4.1106170117072294e-16,3.1076288809828089e-05,6.4677221521852775e-09,3.3696997696922894e-10,0.50011087703745771
0.74918744107413837,20,0.00026257707702339152,-3.3608912094335031e-16,3.0924925254124325e-05,6.6646366949886781e-09,3.0909364444452032e-10,0.50011177659805728
0.89902492928896738,24,0.00026130665870942066,-1.9679624683327512e-16,3.0775302172603314e-05,6.7037878007139993e-09,2.8386949407475412e-10,0.50011254484622569
1.0488624175037962,28,0.00026020231395306072,-1.3437330675242221e-17,3.0645238347412007e-05,6.7018828352955834e-09,2.63422441238367e-10,0.50011314894794978
1.1986999057186176,32,0.00025942218387565725,-2.790465341434567e-17,3.0553358794917608e-05,6.6915449995267222e-09,2.4751150996467015e-10,0.50011359450651327
1.3485373939334491,36,0.00025912557488978039,1.5748036555351952e-17,3.0518425773261925e-05,6.6815662455361973e-09,2.3541655819842402e-10,0.50011390718760818
1.4983748821482674,40,0.00025946827548986682,3.1797616839926435e-16,3.0558787218984289e-05,6.6753676432596418e-09,2.2640838731896586e-10,0.50011411836702302
1.6482123703630918,44,0.00026059882454433387,7.3113851127917795e-16,3.0691937246404234e-05,6.6752437802623458e-09,2.198474279155976e-10,0.50011425688945932
1.7980498585779146,48,0.00026265561065591829,8.8491903691909068e-16,3.0934174525779556e-05,6.6831278072597163e-09,2.1518890657283634e-10,0.50011434578137648
1.947887346792728,52,0.00026576466638379205,8.3713960243037011e-16,3.1300342498571932e-05,6.7006613983866995e-09,2.1198263110510775e-10,0.50011440190614342
2.0977248350075524,56,0.00027003802518818054,4.6229703008424106e-16,3.18036358671625e-05,6.7291576737917228e-09,2.0983851730599452e-10,0.50011443692563262
2.2475623232223674,60,0.00027557253438253548,-4.2976418864609789e-16,3.245546079070083e-05,6.7695649289687889e-09,2.0844039690694386e-10,0.5001144585917775
2.3973998114371944,64,0.00028244904222675545,-1.5435854092311907e-15,3.3265339145287579e-05,6.8224473017077641e-09,2.0754088504661434e-10,0.50011447191652103
2.5472372996520232,68,0.00029073190160525792,-2.4265325534490734e-15,3.4240850069829528e-05,6.8879825508950049e-09,2.0695999186267083e-10,0.50011448007763415
2.6970747878668435,72,0.00030046875109079137,-2.910798230053302e-15,3.53876041809051e-05,6.9659744973998838e-09,2.0657593421869222e-10,0.50011448506249823
2.8469122760816692,76,0.0003116905387190958,-3.1317721853330038e-15,3.6709246372816832e-05,7.0558723301111803e-09,2.0630882281501306e-10,0.50011448810216153
2.996749764296478,80,0.0003244117703624709,-2.9910156382900732e-15,3.8207485069703272e-05,7.1567723943898355e-09,2.0610846209336884e-10,0.50011448995411401
3.1465872525112926,84,0.00033863096312495048,-2.7672837437341113e-15,3.9882145624000226e-05,7.2673488419385271e-09,2.0594637228736621e-10,0.50011449108231498
3.2964247407261107,88,0.00035433128770513168,-2.2965976993402637e-15,4.1731245970502827e-05,7.3857295327817158e-09,2.0580462666535968e-10,0.50011449177004108
3.446262228940927,92,0.000371481381937933,-1.7886354290036488e-15,4.3751092440967277e-05,7.5099456525702147e-09,2.0566211354129059e-10,0.50011449218986925
3.5960997171557589,96,0.00039003632710377524,-1.2888521088057214e-15,4.5936394748589999e-05,7.6395846561466021e-09,2.0544446416956337e-10,0.50011449244676742
3.7459372053705824,100,0.00040993875978882413,-6.1109700199429851e-16,4.8280396936966665e-05,7.7750672714894021e-09,2.0494541160485299e-10,0.50011449260451035
3.8957746815334842,104,0.00043112014035205512,-4.4804654777963471e-17,5.0775026773366009e-05,7.9130785203041024e-09,2.0301846546730555e-10,0.50011449270184738
4.0456121002107333,108,0.00045350203827486775,3.7877958148496704e-16,5.3411047130340125e-05,8.0500780385480998e-09,2.0276210818362927e-10,0.50011449276232234
4.1954494664937814,112,0.00047699765602024789,5.1143171728856851e-16,5.6178235457715062e-05,8.1866229141451422e-09,2.0251360999388766e-10,0.50011449280024334
4.3452867955971115,116,0.00050151326120469414,5.1761166967173589e-16,5.9065552456148568e-05,8.3229517822654121e-09,2.0225840683964558e-10,0.50011449282429465
4.4951240998222319,120,0.00052694974059569943,2.8297676701871666e-16,6.2061325098650936e-05,8.4568515034045214e-09,2.0199577709761187e-10,0.50011449283974652
4.6449613871615192,124,0.00055320413293435586,3.4572496775131523e-16,6.5153427158241902e-05,8.5847224178276493e-09,2.0170545750600112e-10,0.50011449284981491
4.7947986636200826,128,0.00058017118185389022,3.0153017669537485e-16,6.8329462102398965e-05,8.7037842575542083e-09,2.0124561184189803e-10,0.50011449285647724
4.9446359333457783,132,0.00060774486867949586,3.075068411712012e-17,7.1576943618032271e-05,8.8165951149657127e-09,2.0070664857323474e-10,0.50011449286096876
5.0944731986231711,136,0.00063581990226768388,-1.3440583281759677e-15,7.488347107680355e-05,8.9311690702300196e-09,2.016946989822133e-10,0.50011449286407728
5.2443104619994827,140,0.00066429292380615302,-1.5190959926601744e-15,7.8236871430017896e-05,9.0450412911346596e-09,1.918598478694088e-10,0.50011449286632359
5.3941477238141946,144,0.00069306448813341787,-2.3045462565172981e-15,8.1625432557863909e-05,9.1478186155017157e-09,1.9041299044655798e-10,0.50011449286806886
5.543984985542088,148,0.00072203973997879368,-3.0836132800839133e-15,8.5037982913346207e-05,9.2449316109439295e-09,1.8858586850543642e-10,0.50011449286956844
5.6938222476324203,152,0.00075112945460783446,-3.9579884508755825e-15,8.8464014083945123e-05,9.3469281145339318e-09,1.8693286636915965e-10,0.50011449287100473
5.8436595102878668,156,0.00078025153480492846,-5.1510919553236778e-15,9.1893857098228947e-05,9.4542290291698212e-09,1.8536152976396919e-10,0.50011449287252197
5.9934967736080047,160,0.00080933160599997171,-5.9284513604686284e-15,9.5318752516693881e-05,9.5658746872293298e-09,1.8391902096761324e-10,0.50011449287425835
6.143334037645368,164,0.00083830387563648746,-6.349291209982455e-15,9.8730951643549755e-05,9.6824084871615429e-09,1.8257671858009464e-10,0.50011449287636645
6.2931713024000819,168,0.00086711112059880053,-5.8197262113590664e-15,0.00010212371504595986,9.8049945402833259e-09,1.8135795584643978e-10,0.50011449287899656
6.4430085678850224,172,0.00089570548269720957,-5.1713733122127348e-15,0.00010549140624203441,9.9345692364998219e-09,1.8026091023862217e-10,0.5001144928822584
6.5928458340774645,176,0.00092404848273321518,-4.8309067249979742e-15,0.00010882949335735802,1.0071626734681854e-08,1.7927153510436176e-10,0.50011449288621368
6.7426831009632391,180,0.00095211155219786291,-4.2804030719184594e-15,0.00011213461174557976,1.0216483106354739e-08,1.7841841630177793e-10,0.50011449289089493
6.8925203685329279,184,0.00097987530775849171,-7.5707127199231561e-16,0.0001154044785413387,1.0369680763173738e-08,1.7724906495443546e-10,0.50011449289632814
7.0423576367602916,188,0.0010073297428917004,-3.328581984693435e-15,0.00011863791522977075,1.0531909857483155e-08,1.7628507849092723e-10,0.50011449290253973
7.1921949056062742,192,0.0010344739951667502,-2.1424783605214492e-15,0.00012183482023839125,1.0704941635210988e-08,1.7491108008227009e-10,0.50011449290954935
7.3420321750355138,196,0.0010613159668819362,-2.3193252873809911e-15,0.00012499612425767356,1.089009389027025e-08,1.7381873493251949e-10,0.50011449291736432
7.4918694449139398,200,0.0010878705042096414,-9.6323502559586549e-15,0.00012812357579048187,1.1089785644654841e-08,1.7241649576247708e-10,0.50011449292596855
7.6417067153830622,204,0.0011141612436104502,-2.8471420100012468e-15,0.00013121995861286071,1.1303340510570425e-08,1.7129869082751658e-10,0.50011449293531862
7.7915439863676053,208,0.0011402162517694947,-8.4648542515719516e-15,0.00013428857826903225,1.153091123711866e-08,1.6978418495002153e-10,0.50011449294534738
7.9413812580060545,212,0.0011660707877764183,-6.7919031943725061e-15,0.00013733358738619503,1.1770758497191036e-08,1.6854355954221057e-10,0.50011449295601418
8.091218530378617,216,0.0011917631029107283,-8.3761936189169495e-15,0.00014035949099568324,1.2023458599538561e-08,1.6710961330019086e-10,0.50011449296735699
8.2410558028147083,220,0.0012173352951654467,8.0458914270692405e-15,0.00014337124717419693,1.2287366933429319e-08,1.658653032094267e-10,0.50011449297951915
8.3908930763166865,224,0.0012428329229100677,1.8117235142667276e-14,0.00014637422154308919,1.2561712010176558e-08,1.6443506981366168e-10,0.50011449299260968
8.5407303498661786,228,0.0012683019386040247,1.3385695546777598e-14,0.0001493738261375206,1.2846131291419499e-08,1.6368665198342057e-10,0.50011449300648336
8.6905676245626164,232,0.0012937895144377379,-2.5266870843851374e-14,0.00015237561664605077,1.3138843913510243e-08,1.6279797514091999e-10,0.50011449302073363
8.8404048989714035,236,0.0013193428309664608,-5.4759175709476193e-14,0.00015538514974240456,1.3439862364749438e-08,1.6174735762797668e-10,0.50011449303502908
8.9902421749327512,240,0.0013450076284399304,-3.7150837961519301e-14,0.00015840781246881833,1.3748459872237457e-08,1.6064289888529895e-10,0.50011449304941658
9.1400794514474359,244,0.0013708275447924696,-1.3029833288713544e-14,0.00016144874426805107,1.4066498320166094e-08,1.6372698200120204e-10,0.50011449306426237
9.2899167290948199,248,0.001396844354664601,1.7029048527197888e-14,0.00016451286513407304,1.4392697344273975e-08,1.7051338787835738e-10,0.50011449307997147
9.439754007375825,252,0.0014230957179656831,3.7080446135470679e-14,0.00016760461044980181,1.4727374919930891e-08,1.7730494869749256e-10,0.50011449309670364
9.5895912858426815,256,0.0014496165230443326,4.547073438262994e-14,0.00017072808917853856,1.5069416183942549e-08,1.8415681678183461e-10,0.50011449311424172
9.7394285653381907,260,0.0014764366414398993,6.8848870831902942e-14,0.00017388681943059244,1.5419907187990292e-08,1.9105979707418917e-10,0.50011449313194112
9.8892658445193575,264,0.0015035819002052774,8.0491955331898901e-14,0.0001770838429782664,1.5778240990199575e-08,1.9803978262078267e-10,0.50011449314870438
10.039103125177427,268,0.0015310734356450788,8.3158415049855439e-14,0.00018032164914259211,1.6144921701982891e-08,2.0509928271461819e-10,0.50011449316296608
10.188940406542246,272,0.0015589278219537632,9.4436123417723783e-14,0.00018360218994364167,1.6519194962707009e-08,2.1230063168289513e-10,0.5001144931730066
10.338777689205745,276,0.0015871567096685975,1.1258043650964888e-13,0.00018692683751944872,1.6901096038479881e-08,2.1976666655879699e-10,0.50011449317788848
10.488614971962521,280,0.0016157674553042823,1.4144523226289341e-13,0.00019029645828101083,1.7290123130609298e-08,2.2719308170956673e-10,0.50011449317901435
10.638452255854581,284,0.0016447656680086916,1.7849832939856314e-13,0.0001937117128437965,1.7685478059974832e-08,2.3490498094364365e-10,0.50011449318146106
10.788289540365483,288,0.0016741538104727578,1.4348507733526195e-13,0.0001971728912503862,1.808723125624569e-08,2.4297484601337397e-10,0.50011449319280799
10.938126824828004,292,0.0017039369996252321,8.2236409522373766e-14,0.00020068059614530991,1.8493330577063799e-08,2.5116136766464216e-10,0.5001144932166558
11.08796411055579,296,0.0017341243976527801,1.3274383220233943e-13,0.00020423590660196208,1.8894166777881664e-08,2.5921058135271247e-10,0.50011449324357149
11.237801396714564,300,0.0017647341435457276,3.7137418249129361e-13,0.00020784095893371156,1.925036973887613e-08,2.6837586198290141e-10,0.50011449325294421
11.387638683176858,304,0.0017958232493369307,3.0469802570799731e-13,0.00021150246771318841,1.9431912563021923e-08,2.7751412069986496e-10,0.50011449323397539
11.537475967744692,308,0.0018278201096993507,-2.8848868823330709e-13,0.00021527088697617815,1.9148984080339368e-08,2.8674384345016452e-10,0.5001144932025382
11.687313228747389,312,0.0018613684245274988,-5.4662668163597827e-13,0.00021922202825714341,1.8205552003074472e-08,2.9645936517110147e-10,0.50011449318421608
11.837150406879854,316,0.0018967447828097655,-2.0172858067150912e-13,0.00022338846672939725,1.709811844840615e-08,3.0758807749485167e-10,0.50011449318578305
11.986987516845627,320,0.0019340692005201231,-9.9354430390351245e-13,0.00022778433723314156,1.6924156511642519e-08,3.1932873020014312e-10,0.50011449319720547
12.136824610893509,324,0.001974150423672849,2.8264641061676032e-13,0.00023250488955302856,1.8120037093201541e-08,3.300750162221187e-10,0.50011449321206514
12.286661740223687,328,0.0020164423757401042,4.8715713808853561e-12,0.00023748580971314737,1.998335311611136e-08,3.4198092348197776e-10,0.5001144932295648
12.43649894221355,332,0.0020588682848343299,8.5565335741256965e-12,0.00024248250661620689,2.1711958801567497e-08,3.5596655762786737e-10,0.50011449324821144
12.586336176045993,336,0.0020999184314547514,8.498645987257622e-12,0.00024731717356542537,2.3078616453993395e-08,3.6972886028176901e-10,0.50011449327287139
12.736173418323954,340,0.0021390878078514455,6.1687058456119659e-12,0.00025193033344613543,2.4150931800827638e-08,3.8387258164787789e-10,0.50011449331477809
12.886010663315759,344,0.0021771623713599552,2.9547655825985092e-12,0.00025641455211416174,2.5027070155095874e-08,3.9935569430510646e-10,0.50011449337330061
13.035847905078191,348,0.0022149799231783304,-1.6449965304851655e-12,0.0002608685013184673,2.5795867407964044e-08,4.1507657466821328e-10,0.50011449343293535
13.185685142241004,352,0.0022526196161378373,-5.6314439060307225e-12,0.00026530150325662676,2.6531022700939909e-08,4.3100782082724746e-10,0.50011449348780568
13.335522374972101,356,0.002289440695525757,-6.2293062418408707e-12,0.00026963809326195371,2.7270349757882062e-08,4.4871763840121266e-10,0.5001144935488111
13.485359603707998,360,0.0023248994119293752,-3.2583910613073752e-12,0.00027381423143372336,2.8029560608129193e-08,4.6739953550918959e-10,0.50011449361846738
13.635196828703275,364,0.0023589203454941598,-1.2823591472553575e-12,0.00027782103522441663,2.8812645607729004e-08,4.857820776501991e-10,0.50011449367916239
13.785034050479817,368,0.0023911951931685558,-7.2483810403464743e-13,0.00028162219434780058,2.9622308665206262e-08,5.0483092178513669e-10,0.50011449371691596
13.934871269386564,372,0.0024213338088549478,7.120532733318613e-13,0.00028517175948094208,3.0459217694643727e-08,5.254801138673352e-10,0.50011449373759576
14.084708485677803,376,0.0024493544781963319,1.2750108315060654e-12,0.00028847188420917815,3.1325883487750858e-08,5.4759813089317142e-10,0.50011449375277395
14.234545699545832,380,0.0024757877580117724,3.0783519179913843e-13,0.00029158505468003775,3.2223206671699936e-08,5.6916519708046254e-10,0.50011449376752037
14.384382911190672,384,0.0025011618204366067,7.1523342803914147e-13,0.0002945734761857413,3.3154324399368535e-08,5.9104330625558065e-10,0.50011449378787187
14.534220120795014,388,0.0025258021455139873,1.575470548291491e-12,0.00029747548202682027,3.4121720899663825e-08,6.1374115505578554e-10,0.50011449382164996
14.684057328406116,392,0.0025500440236209542,5.1000696721370531e-13,0.00030033056091251735,3.5129800207104479e-08,6.3865038596721745e-10,0.50011449386454987
14.833894533882795,396,0.0025744391988929659,-1.478813897509354e-12,0.00030320369431928852,3.6181387482689228e-08,6.6342260154329845e-10,0.50011449390025586
14.983731737033862,400,0.00259958154356807,-2.2243623230226023e-12,0.00030616482534643355,3.7279409956752514e-08,6.8807463216883544e-10,0.5001144939210842
15.13356893762608,404,0.0026259542412658933,-1.6853830072001419e-12,0.00030927086077915395,3.8425160386334685e-08,7.1347707406156938e-10,0.5001144939378368
15.283406135573225,408,0.0026538316457976763,-1.7694043116540242e-12,0.00031255411254353996,3.9619744754303213e-08,7.3987031020021088e-10,0.50011449396540331
15.433243330648102,412,0.0026834856376416749,-2.3436587414694954e-12,0.0003160466012697374,4.0862691297735367e-08,7.676588878255004e-10,0.50011449400847063
15.583080522509823,416,0.0027152914370802078,-2.423188169217716e-12,0.00031979251839789813,4.2154136859345708e-08,7.9588827657708746e-10,0.50011449406306352
15.732917710785689,420,0.0027495321396766802,-2.1783101039098141e-12,0.00032382520541097764,4.3492668897145194e-08,8.240436428320418e-10,0.50011449412141584
15.882754894741343,424,0.0027863916433461108,-2.5837344145695357e-12,0.00032816632082289046,4.4878220408911121e-08,8.535391968358228e-10,0.50011449417172504
16.032592073702695,428,0.002825974170368643,-3.2442617657005984e-12,0.00033282813937696062,4.6309473234756263e-08,8.8373740075885941e-10,0.50011449420362097
16.182429247326809,432,0.0028684037893702157,-3.0874763195295335e-12,0.00033782527321308647,4.7787204482403649e-08,9.1480302751593737e-10,0.50011449422118492
16.332266414938903,436,0.0029137561331094661,-2.3378740349883076e-12,0.00034316662995349508,4.9311225571998298e-08,9.4745143321640189e-10,0.50011449424484855
16.482103575598142,440,0.0029620616930257377,-1.6544885578749502e-12,0.00034885580071700477,5.0884048868206941e-08,9.797506368432751e-10,0.5001144942924618
16.631940728869218,444,0.0030132765100100529,-1.3484393723145471e-12,0.00035488760823462181,5.2507633937327323e-08,1.0137058391857076e-09,0.50011449435961719
16.781777874291677,448,0.0030673500430521256,-1.0899220978868862e-12,0.00036125610005618156,5.4186674745172957e-08,1.0482570448018096e-09,0.50011449442441192
16.931615011038573,452,0.0031242174455516714,-6.5315786633435291e-13,0.00036795363889556007,5.5925304629166502e-08,1.0852133520508087e-09,0.50011449447209422
17.081452138747284,456,0.0031837905551571422,-1.9073680352157951e-13,0.00037496984146201954,5.7729564041170865e-08,1.1225706456679968e-09,0.50011449451064593
17.231289257192564,460,0.0032459455691741346,-4.1648065204902274e-13,0.00038229012693565705,5.960473026968241e-08,1.1616557886336847e-09,0.50011449456132051
17.38112636567336,464,0.0033105438151156737,-1.1876892156391372e-12,0.00038989816321184607,6.1557701364654462e-08,1.2015865599995047e-09,0.50011449463824498
17.530963463772967,468,0.003377459926392011,-1.2940862032136125e-12,0.00039777918528344545,6.3593568778662567e-08,1.2438615741348017e-09,0.50011449473849257
17.680800551153936,472,0.0034465726748161753,-4.5139597355109418e-13,0.00040591891554228284,6.5717834066007994e-08,1.2875194348912621e-09,0.5001144948465357
17.83063762739922,476,0.0035177466828240937,7.607293701222817e-14,0.00041430140994214718,6.7934786427690623e-08,1.3327658136901006e-09,0.50011449494455773
17.980474692137417,480,0.0035908432220027051,-2.0064380929288306e-13,0.00042291032979173616,7.024910534869135e-08,1.3804254243854407e-09,0.50011449502265926
18.130311745357282,484,0.003665750800440837,-4.5788687511733039e-13,0.00043173254416942273,7.2663658913133041e-08,1.4292616335196243e-09,0.50011449508550443
18.280148786906004,488,0.0037423823030923141,4.8128379536924171e-13,0.00044075779313050036,7.518218114035766e-08,1.4803038605609678e-09,0.50011449514939932
18.429985815730383,492,0.0038206557383587852,8.0669184440024244e-13,0.00044997642014257393,7.7807925709686737e-08,1.5339183917288359e-09,0.50011449522892337
18.579822829615811,496,0.0039004833594125567,2.0814768094887248e-13,0.00045937809085308507,8.0544928948158002e-08,1.5896613819437591e-09,0.50011449532492902
18.729659816165121,500,0.003981800943488093,-1.4162746496404477e-12,0.00046895524144783369,8.3394624935262545e-08,1.64730066685953e-09,0.50011449542644837
18.879496768676113,504,0.0040645824085419734,-2.496450962619079e-12,0.00047870480012309494,8.636034344955436e-08,1.7080595153553163e-09,0.5001144955232254
19.029333685571284,508,0.0041488171589844332,-2.5533466942347094e-12,0.00048862551898691574,8.9445578675160192e-08,1.77130058222327e-09,0.50011449561405774
19.17917056551304,512,0.0042344882996263409,-2.2800742413911501e-12,0.00049871540821418657,9.2655463638407187e-08,1.8366335611432292e-09,0.50011449570386823
19.329007408660949,516,0.0043215847495388059,-1.3174658846509812e-12,0.00050897316275230493,9.599512221400646e-08,1.9050335462937204e-09,0.50011449579653866
19.478844215370028,520,0.0044101191944358204,2.7373936450914016e-14,0.00051940027665688864,9.9469947423341624e-08,1.9763890847728033e-09,0.50011449589193913
19.628680989923424,524,0.0045001206490820726,1.2355295822899515e-12,0.00053000016713190476,1.0308475978342746e-07,2.0506643945252019e-09,0.50011449598688817
19.778517738477628,528,0.0045916177214178379,1.3991376416819246e-12,0.00054077620346771433,1.0684524227307202e-07,2.1277445291976936e-09,0.50011449607588876
19.928354469728273,532,0.0046846379717616852,6.6078631281996092e-13,0.00055173163157139129,1.1075729653622278e-07,2.2079368574294252e-09,0.50011449615094905
20.07819119540164,536,0.0047792142083910886,-5.8051870602260358e-14,0.00056287031542657086,1.1482694947684168e-07,2.2911371504940058e-09,0.50011449620125559
20.228027923599871,540,0.0048753913323978581,-7.7743356457354862e-13,0.00057419754324395202,1.1906002924259345e-07,2.3774588799313797e-09,0.50011449621060133
20.377864669703364,544,0.0049732150755430662,-2.3632189954936322e-12,0.00058571870106602158,1.2346191997682335e-07,2.4669596939981977e-09,0.50011449615025894
20.527701435494667,548,0.0050727219357642166,-4.5696820893253998e-12,0.00059743808742486026,1.2803752673254136e-07,2.560003742108662e-09,0.5001144959690329
20.677538218078322,552,0.0051739374707386807,-6.1283960762006928e-12,0.00060935871236716119,1.3279209171081637e-07,2.6568772644665969e-09,0.50011449558288035
20.827375003184841,556,0.0052768885615067582,-6.3342470374774806e-12,0.00062148374179823269,1.3773069225589609e-07,2.7569323381060054e-09,0.5001144948594759
20.977211786967661,560,0.0053816049811325336,-5.5689934001096342e-12,0.0006338166822304935,1.4285819176525795e-07,2.8601068580175666e-09,0.50011449358665505
21.127048564195427,564,0.005488110144095934,-4.6675200596896227e-12,0.000646360291296292,1.4818004240559796e-07,2.9679307938175528e-09,0.50011449141545383
21.276885332308719,568,0.0055964160541123516,-3.810750326405099e-12,0.00065911598272909455,1.5370212704495775e-07,3.0790591135459002e-09,0.50011448777274425
21.426722092868218,572,0.0057065292061787331,-2.920350376453551e-12,0.00067208452147494069,1.5943055055433439e-07,3.1937312055236341e-09,0.50011448173325457
21.57655884542751,576,0.005818458919598514,-1.790958765839068e-12,0.00068526700511159847,1.6537176553508173e-07,3.3128062634538634e-09,0.50011447182398894
21.726395587769417,580,0.0059322120627105322,-2.595998502968877e-13,0.00069866424255532055,1.7153304506984431e-07,3.4365758679574712e-09,0.50011445571789914
21.876232317020666,584,0.0060477876226740553,1.506101775412827e-12,0.00071227611451913676,1.7792217929884409e-07,3.5650797562938165e-09,0.50011442977119513
22.026069030899446,588,0.0061651832930224026,2.7503005298537553e-12,0.00072610234935972426,1.8454738022463866e-07,3.6999392892881651e-09,0.50011438837471267
22.17590572932437,592,0.0062844018038284788,2.5666501259416497e-12,0.00074014326861048386,1.9141739575817676e-07,3.8443658668377034e-09,0.50011432312754212
22.325742413276597,596,0.0064054472070483991,1.3466768932629547e-12,0.00075439934948915821,1.9854115127033739e-07,4.0027232696313317e-09,0.50011422191710753
22.475579082847396,600,0.0065283197197985102,7.458677772631539e-13,0.00076887061756655069,2.0592773265192862e-07,4.1854306841476203e-09,0.50011406814380732
22.625415736942227,604,0.0066530244936740856,1.7502739708963322e-12,0.00078355767957002899,2.1358622039410489e-07,4.4576474355678484e-09,0.50011384062234765
22.775252373720509,608,0.0067795811024871592,3.3358424529617015e-12,0.00079846284079859687,2.2152481509680849e-07,4.9104624077255112e-09,0.50011351514628799
22.925088990132597,612,0.0069080194426180781,3.8419921541063551e-12,0.00081358962228820358,2.2974865404144071e-07,5.4292920785839563e-09,0.500113069108715
23.074925583391384,616,0.0070383647227425464,3.0406883608224966e-12,0.00082894099298199038,2.3825027736503701e-07,5.9286314474069506e-09,0.50011249026962545
23.224762153456087,620,0.0071706353790783207,2.1515920555631451e-12,0.00084451912419918485,2.4698416346188195e-07,6.3621131222301504e-09,0.50011178884579599
23.374598701713271,624,0.007304857198938506,2.5156561946418354e-12,0.00086032705303175003,2.5581375235723135e-07,6.6673845378911722e-09,0.50011100859427549
23.524435225316946,628,0.0074410743743431526,3.8500253332629519e-12,0.0008763699841797016,2.6450545244313677e-07,6.7999158805574044e-09,0.50011022975622588
23.67427171810219,632,0.0075793470460608654,4.8924808431979883e-12,0.00089265500070144998,2.7299148688011986e-07,6.6673711570707203e-09,0.50010955801092682
23.82410817754327,636,0.007719743175230968,5.3504027380454899e-12,0.00090919010669688704,2.8175905276385898e-07,6.2532897653634798e-09,0.50010909970066109
23.973944604402583,640,0.0078623376761791167,6.1404633548006737e-12,0.00092598412517504159,2.9165301510781996e-07,5.8374284950855021e-09,0.50010893129835665
24.123781001335157,644,0.008007220458526183,7.9465501019726492e-12,0.0009430476452106975,3.0303743760262536e-07,6.6931539440110902e-09,0.50010907570428365
24.273617370325429,648,0.00815450075048498,1.0263872976361277e-11,0.00096039353111918317,3.1547974013811955e-07,7.4741701346892377e-09,0.50010949615599631
24.423453711030941,652,0.008304312479206306,1.2506766672651382e-11,0.00097803755612478355,3.2837703853301563e-07,8.0426853609038761e-09,0.5001101105377167
24.573290021029955,656,0.0084568101934335196,1.4719670144228147e-11,0.00099599792215277947,3.4150142204636182e-07,8.4305287651107773e-09,0.50011081887940367
24.723126298831385,660,0.0086121580227256408,1.7414320094451263e-11,0.0010142939595057328,3.5489945437347791e-07,8.6390700137030108e-09,0.50011153105845108
24.872962544883411,664,0.00877050726994014,1.9852793562737114e-11,0.0010329434878258268,3.6865355900090617e-07,8.6634623296229967e-09,0.50011218383652867
25.022798759357428,668,0.0089319796257107363,2.007397698587654e-11,0.0010519608391857409,3.8283461545922458e-07,8.5495237389401767e-09,0.50011274413622664
25.172634941701432,672,0.0090966727105611343,1.7145463651266346e-11,0.0010713575108091972,3.9750548989671409e-07,8.4840770767939623e-09,0.50011320275763882
25.322471092077702,676,0.0092646738296664095,1.2392012004210085e-11,0.0010911437850332684,4.127123313067311e-07,8.624660443948912e-09,0.50011356505871096
25.472307210854687,680,0.0094360800451340991,9.6445654197349628e-12,0.0011113310933144036,4.2848101311806454e-07,8.8359445786052227e-09,0.50011384313881801
25.622143297682864,684,0.0096109959492022123,1.1849555950176061e-11,0.0011319317539675883,4.4482428862469365e-07,9.0653084480252737e-09,0.50011405100623141
25.771979352381084,688,0.0097895129353811824,1.800831272297243e-11,0.0011529565308321902,4.6174920645289739e-07,9.3488461837875649e-09,0.50011420224916969
25.921815375791692,692,0.0099716824787917761,2.1403638193404073e-11,0.0011744114863729159,4.7925773167790937e-07,9.6676072710482135e-09,0.50011430916165034
26.071651367836758,696,0.01015751032320196,1.6337833863566686e-11,0.0011962972970600691,4.9734592212503479e-07,9.9923675466612492e-09,0.50011438248111817
26.221487327498178,700,0.010346973115879524,3.8296859173475584e-12,0.0012186112125336171,5.1600462829422057e-07,1.0344435976226311e-08,0.50011443128766009
26.37132325440621,704,0.010540051740197523,-7.889906393152013e-12,0.0012413509813393739,5.352216782089941e-07,1.0745178971090596e-08,0.500114462935632
26.521159148166888,708,0.010736742208616548,-1.065276122522163e-11,0.0012645161338462516,5.5498470489203938e-07,1.1181435498008228e-08,0.50011448305765061
26.67099500707576,712,0.01093703259135587,-2.4195463341203371e-12,0.0012881052650284138,5.7528448254455691e-07,1.1591256809367733e-08,0.50011449570446309
26.820830828960837,716,0.011140878127172649,1.0310601331053881e-11,0.0013121131031458258,5.9611800358298861e-07,1.2024760446257023e-08,0.50011450361941912
26.970666609551458,720,0.011348202262800824,1.8045113580472671e-11,0.0013365306321638142,6.1749108551632002e-07,1.2459930748584749e-08,0.50011450857732664
27.120502340419652,724,0.011558917524194256,1.7238837093924708e-11,0.0013613475498565747,6.3942003983232096e-07,1.2897844138297599e-08,0.5001145117000626
27.27033800485188,728,0.011772957603786811,1.1411111855777478e-11,0.0013865560468732314,6.61932827359331e-07,1.3350680330145157e-08,0.50011451369752791
27.420173593537807,732,0.011990288187703004,6.9890313154907791e-12,0.0014121520819088591,6.850688424629293e-07,1.3825117533476635e-08,0.50011451502758475
27.570009107367948,736,0.012210894658103794,6.2380751605917162e-12,0.001438133933352475,7.0887753543062206e-07,1.4322636004679268e-08,0.50011451599227719
27.719844555208585,740,0.01243476945061215,8.0418699043710573e-12,0.0014645007103121666,7.334160700448344e-07,1.481826429377813e-08,0.50011451679141394
27.869679956393774,744,0.012661907324641791,9.3618201298800718e-12,0.0014912517955796806,7.58747596249217e-07,1.532768607488023e-08,0.50011451754999647
28.019515329872121,748,0.012892309395176254,9.0479390472963939e-12,0.0015183873204718211,7.8494081727755325e-07,1.5853296335323183e-08,0.50011451833420262
28.16935069160883,752,0.013126000806419123,8.2510424274234717e-12,0.0015459102463385476,8.1206995920501152e-07,1.6400800446803988e-08,0.50011451916750838
28.319186049579272,756,0.013363045615832857,8.1424381126460332e-12,0.0015738281175255472,8.4021281816769742e-07,1.6966597294247979e-08,0.50011452004995627
28.469021393966695,760,0.013603540183471251,8.3533052436940425e-12,0.0016021522828051299,8.6944791192715172e-07,1.7545010732773483e-08,0.50011452097559495
28.618856709998568,764,0.013847598653034542,8.2010002087906653e-12,0.0016308961854124714,8.9985527836045978e-07,1.8139190691296952e-08,0.50011452194239348
28.768691989195261,768,0.014095346405999345,7.6699495279303198e-12,0.0016600745921080081,9.3151699224969506e-07,1.8757108214844493e-08,0.50011452295349035
28.918527226190381,772,0.014346917472060077,7.0577536870342072e-12,0.0016897032881930645,9.6451596715968037e-07,1.9398857765157394e-08,0.50011452401424394
29.068362420148844,776,0.014602459648006922,6.6450701278336632e-12,0.0017197996803839505,9.9893289615649758e-07,2.0072183229728863e-08,0.50011452512963761
29.218197570691316,780,0.014862141428130676,6.4517974296407488e-12,0.0017503836130380169,1.0348440549592298e-06,2.0781918579353315e-08,0.50011452630377218
29.368032676417862,784,0.015126149553361138,6.3661029572892325e-12,0.0017814770795042698,1.0723241348753056e-06,2.1524740250023849e-08,0.50011452754015606
29.517867734991729,788,0.015394681332075479,6.4131371654146951e-12,0.0018131033177092074,1.1114496068974155e-06,2.2299810786161706e-08,0.50011452884123875
29.667702744006977,792,0.015667940948891783,6.4569931432917338e-12,0.0018452863754262452,1.1522960996783128e-06,2.3109336875309964e-08,0.50011453020741459
29.817537702853265,796,0.015946140397097734,6.4107850972217051e-12,0.001878051220092184,1.1949346117541232e-06,2.3949209421842143e-08,0.50011453163701325
29.967372612109344,800,0.016229501347146652,6.3572959830421327e-12,0.001911423958868691,1.2394311903339099e-06,2.4812992461287274e-08,0.50011453312782117
30.117207471173927,804,0.016518247798169572,6.5132868716510917e-12,0.0019454309731766536,1.2858501030747119e-06,2.5720672733409702e-08,0.50011453467885802
30.267042281278197,808,0.016812601704937633,6.9158621971571188e-12,0.0019800984036631728,1.3342528376008856e-06,2.6671596193550704e-08,0.50011453629084779
30.416877044647904,812,0.017112778279283588,7.6366020711898797e-12,0.0020154515968280914,1.3846982904325105e-06,2.7665523186825558e-08,0.50011453796570726
30.56671176169662,816,0.017418988103476373,8.5458378654840184e-12,0.0020515153539259622,1.4372425000556289e-06,2.8706678460060963e-08,0.50011453970632491
30.716546429797649,820,0.017731441222226814,9.3326965079632007e-12,0.0020883144129006138,1.4919400115424111e-06,2.9794784612427612e-08,0.50011454151722878
30.866381043855817,824,0.018050345966314052,9.9465565991940785e-12,0.0021258733098381589,1.5488437639246524e-06,3.093813411881012e-08,0.50011454340541472
31.016215601925268,828,0.018375904481609941,1.0512052599914723e-11,0.0021642158523993752,1.6080058068414245e-06,3.2137729568469112e-08,0.50011454538077582
31.166050104445958,832,0.018708306470496781,1.102988490472856e-11,0.0022033643827173207,1.6694775771215703e-06,3.3391386278324321e-08,0.50011454745530692
31.315884551017731,836,0.019047728621524852,1.1264481101364021e-11,0.0022433397102254492,1.7333110198947533e-06,3.4702223881554672e-08,0.50011454963950686
31.465718939700562,840,0.019394337007275074,1.0953400296151439e-11,0.0022841613940650612,1.7995594270594153e-06,3.6064873172437963e-08,0.50011455193703325
31.615553268066421,844,0.019748287772440618,1.0137289879058597e-11,0.0023258478241238796,1.8682787399853109e-06,3.7496662470801082e-08,0.50011455434098451
31.765387532406365,848,0.020109726688660835,9.0096049110838239e-12,0.0023684161686067687,1.939527241578791e-06,3.8992882158149733e-08,0.50011455683362827
31.915221729884639,852,0.020478788380186751,7.7917850123399024e-12,0.0024118822828387548,2.0133667316629314e-06,4.0537607741108293e-08,0.50011455939097349
32.065055858637074,856,0.02085559397570548,6.6545449706190141e-12,0.0024562604327094473,2.0898627820205833e-06,4.2134081173048495e-08,0.50011456199276405
32.214889915720178,860,0.021240251062604409,5.7502123722297238e-12,0.0025015632892865236,2.1690859287282373e-06,4.3788225557268439e-08,0.50011456463254267
32.364723896816066,864,0.021632853500085848,5.1790785202121548e-12,0.0025478019068053671,2.2511114954936256e-06,4.5507098630204427e-08,0.50011456732000736
32.514557798765878,868,0.022033481552874854,4.9229379253667993e-12,0.0025949857384164627,2.3360208513924682e-06,4.7295745522089156e-08,0.50011457007421345
32.664391618838607,872,0.022442203118910528,4.8447005955576383e-12,0.0026431227807763172,2.4239016053065582e-06,4.9153281203757882e-08,0.50011457291480255
32.814225354180635,876,0.022859077100541608,4.6606572767782239e-12,0.0026922199710888665,2.5148477931886547e-06,5.1076713806249779e-08,0.50011457585702068
32.964059002620992,880,0.023284155090263763,4.1715329107683274e-12,0.0027422833856426054,2.6089600524031998e-06,5.3051168275385383e-08,0.50011457891162492
33.113892562456563,884,0.023717481032601448,3.4526522266209447e-12,0.0027933181999888405,2.7063463396231633e-06,5.5094537365358549e-08,0.50011458208628967
33.263726030996118,888,0.02415908919988901,2.7094424794038563e-12,0.002845328450540004,2.8071223100347364e-06,5.7215195728369096e-08,0.50011458538507225
33.413559405107293,892,0.024609005240924749,2.2709611968707577e-12,0.0028983171580745245,2.9114114276626345e-06,5.9389470896890823e-08,0.50011458880638437
33.563392680987818,896,0.025067253404862766,2.3188569120424773e-12,0.0029522871785282157,3.0193450153350604e-06,6.1638298949600268e-08,0.50011459234447098
33.71322585597661,900,0.025533864227436035,2.6281806592143298e-12,0.0030072421082365632,3.1310611224854437e-06,6.3959638692064678e-08,0.50011459599586661
33.863058928120537,904,0.026008871432603442,3.0056950851842235e-12,0.0030631859190272666,3.2467060808305317e-06,6.6357461741731381e-08,0.50011459976452899
34.012891895657219,908,0.026492299416285316,3.2056093890453496e-12,0.0031201214841214812,3.3664349270507189e-06,6.8827328709504479e-08,0.50011460365775839
34.162724756147895,912,0.026984165103308456,3.2999835503089159e-12,0.0031780507968348836,3.4904119151801459e-06,7.1375491243897403e-08,0.50011460767738825
34.312557508684385,916,0.027484513825878496,3.4388763538173439e-12,0.0032369791961524546,3.6188106589022115e-06,7.401662600751039e-08,0.50011461182077344
34.462390152744689,920,0.027993441342426897,3.5211252316647013e-12,0.0032969179599906411,3.7518158969601232e-06,7.6768925882601207e-08,0.50011461609354291
34.61222268731521,924,0.02851111486114654,4.4041168281716558e-12,0.0033578867812370534,3.8896212803266397e-06,7.9592389295551895e-08,0.50011462051648037
34.762055111328301,928,0.029037725605021311,6.0627531640877752e-12,0.0034199081811130804,4.0324262085575077e-06,8.2504340103591426e-08,0.50011462511531246
34.911887424031455,932,0.029573349402760733,8.086283379005188e-12,0.0034829910903189979,4.1804314045042851e-06,8.5531882902132583e-08,0.50011462990479139
35.061719623895726,936,0.030117938313411786,1.1147102338404657e-11,0.0035471298626254949,4.3338337665486315e-06,8.8656883404623229e-08,0.50011463488414953
35.21155171041034,940,0.030671255561136545,1.436401605298121e-11,0.0036122966118394086,4.4928018634085486e-06,9.1881429217917604e-08,0.50011464004771866
35.361383682274848,944,0.031233278483100792,2.0577149359435332e-11,0.0036784886688532074,4.6574276251786632e-06,9.5222976082041769e-08,0.50011464540014583
35.511215538281228,948,0.031804205191997018,3.2675399278675465e-11,0.0037457293663213497,4.8277646169439074e-06,9.8680491489274992e-08,0.50011465096127594
35.661047277169921,952,0.032384440980075244,4.3262907145624752e-11,0.0038140664373996773,5.0040731486798419e-06,1.0227245307339707e-07,0.50011465675746158
35.810878896400602,956,0.032974591199794817,4.2800618951788216e-11,0.0038835711772666195,5.1870478328749642e-06,1.0600707890384569e-07,0.5001146628090205
35.96071039301205,960,0.033575508343687631,4.2107337581975823e-11,0.0039543439879379475,5.3775924648106382e-06,1.0986468352979404e-07,0.50011466912508329
36.110541765524808,964,0.034188152356910403,3.6833388769585973e-11,0.0040264979266254938,5.5762410717453929e-06,1.1385074335171383e-07,0.5001146757092535
36.260373011798556,968,0.034813416306574835,2.0639006996503451e-12,0.0041001381740022611,5.7829428552185432e-06,1.1799371902977845e-07,0.5001146825699283
36.410204129225335,972,0.035451676181877022,-6.407474507572064e-11,0.0041753090120669589,5.9974645331262771e-06,1.223036202702411e-07,0.50011468972261119
36.560035114717934,976,0.036102364447686816,-1.3223743107471098e-10,0.0042519435995641416,6.2198237492745232e-06,1.2677386819677647e-07,0.50011469717911494
36.709865964442393,980,0.036764411275786696,-1.6215702478700189e-10,0.0043299159378421513,6.4503064060253005e-06,1.3139341964388396e-07,0.50011470493629506
36.859696674132415,984,0.037437262256472308,-1.3472002983669351e-10,0.0044091607314880685,6.6892887114436783e-06,1.3619671491905431e-07,0.50011471297946875
37.009527239840118,988,0.038121282376819061,-6.7177296711462553e-11,0.0044897209667296087,6.9371639136701158e-06,1.4120818715073506e-07,0.50011472129823453
37.159357658667616,992,0.038817297415230302,1.9831939909731311e-12,0.0045716938993352095,7.1943347437394507e-06,1.4640056770950564e-07,0.50011472989920092
37.309187927356589,996,0.039526075834067947,4.7824997434497973e-11,0.0046551700346961723,7.4611999680031024e-06,1.5177198306673186e-07,0.50011473880651391
37.459018041708923,1000,0.040248138240234363,7.0001632528765567e-11,0.0047402106871119974,7.7381454833650852e-06,1.5734281644876033e-07,0.50011474805388756
37.6088479954579,1004,0.040983844489806402,8.2558134807675376e-11,0.0048268582385088037,8.0255533950044786e-06,1.631435446966943e-07,0.50011475767352331
37.758677783328679,1008,0.041733671407624795,8.3562116427737809e-11,0.0049151688467687872,8.3238105418290283e-06,1.6917200270303561e-07,0.50011476768398822
37.908507400265677,1012,0.042498208157920526,6.8694561324023073e-11,0.0050052119005073292,8.6333129842162827e-06,1.7540980682409351e-07,0.50011477808398397
38.058336842478873,1016,0.043277855594450174,7.5899684974511938e-11,0.0050970346101382276,8.9544679426055688e-06,1.8188488521668365e-07,0.50011478886035043
38.208166106046747,1020,0.044072839252080151,9.3493427409663266e-11,0.0051906635379530778,9.2876965873577465e-06,1.8862044071788979e-07,0.50011480000405573
38.357995185854875,1024,0.044883462018275956,9.6313056488495086e-11,0.0052861343564193208,9.6334336217016768e-06,1.9560289383581629e-07,0.50011481151623172
38.507824076583042,1028,0.045710122671128658,7.8250943051638711e-11,0.005383494031489959,9.9921279396452962e-06,2.0284325519673442e-07,0.50011482340169366
38.657652774107696,1032,0.046553210819488489,6.4243144658193696e-11,0.0054827884492137996,1.036424347856952e-05,2.1036228732831455e-07,0.5001148356675833
38.807481271933746,1036,0.047413164034952923,5.9369718342916489e-11,0.0055840691444357686,1.0750261614376923e-05,2.1817130927560635e-07,0.50011484833340769
38.957309564562642,1040,0.048290554126487729,5.0534473307328742e-11,0.0056874034617608333,1.1150681205335426e-05,2.2627392059854771e-07,0.50011486143444539
39.107137647297378,1044,0.049185952153001776,3.9707978224945428e-11,0.0057928586574562697,1.1566019357019643e-05,2.3468070577304493e-07,0.50011487500683061
39.256965513775199,1048,0.050099773778369577,3.4231726828148901e-11,0.0059004836861924386,1.1996811224429953e-05,2.4340512827354997e-07,0.50011488907155666
39.406793158599228,1052,0.051032346841119985,2.7261581013460212e-11,0.0060103171590397157,1.2443612262594512e-05,2.5245135011574206e-07,0.50011490363746014
39.556620576464006,1056,0.051983970105531782,2.172315105575251e-11,0.0061223942628586409,1.2906998780805289e-05,2.6183552270301117e-07,0.50011491871545832
39.706447761743,1060,0.052954843030275422,2.3386784696322049e-11,0.0062367384888257675,1.3387570373042097e-05,2.7158579616830868e-07,0.50011493432388232
39.856274710113929,1064,0.053945028588307652,2.604347466850232e-11,0.0063533572535594924,1.3885950911754279e-05,2.8170809716222203e-07,0.50011495048414256
40.006101417215696,1068,0.054954551117123454,2.4068156322110124e-11,0.0064722534233999469,1.4402790182150298e-05,2.9219814729633001e-07,0.50011496722057414
40.155927877332225,1072,0.055983426947633128,1.9398888745358889e-11,0.0065934289217144939,1.4938763797702323e-05,3.0306888626917125e-07,0.50011498456578907
40.305754085702702,1076,0.05703159141097424,2.1031293893913894e-11,0.0067168761321500245,1.5494574077307065e-05,3.1435337931629241e-07,0.50011500255921626
40.455580037137842,1080,0.058098897008115651,2.7626342186115593e-11,0.0068425776830586989,1.6070951650626798e-05,3.2607079276215677e-07,0.50011502123647233
40.605405727634967,1084,0.059185229931275424,3.351557052722054e-11,0.0069705201707680031,1.6668656961355593e-05,3.3822604620542839e-07,0.50011504062282675
40.755231153068685,1088,0.060290566898057923,3.8885466027704929e-11,0.007100700853201772,1.7288481862592922e-05,3.508307809825453e-07,0.50011506073952072
40.905056309081566,1092,0.061414885152354687,4.5597916935313787e-11,0.0072331170502671288,1.793125197619001e-05,3.6391642800834037e-07,0.50011508161499396
41.054881190203055,1096,0.062558148878021955,5.1311554831456885e-11,0.0073677645437300199,1.859782722577155e-05,3.7750510292402715e-07,0.50011510328865871
41.204705791763381,1100,0.063720419389538804,5.3988990361686362e-11,0.0075046505548822017,1.9289103253809709e-05,3.9159785944320078e-07,0.50011512580531392
41.354530108290859,1104,0.064901891353400354,5.642505039593626e-11,0.0076437980105034213,2.000601101650663e-05,4.0620977980521941e-07,0.50011514920705935
41.504354135523954,1108,0.066102813773720792,6.1548810319222991e-11,0.0077852362369678864,2.0749518917513062e-05,4.2136121170827646e-07,0.50011517352831059
41.654177868863805,1112,0.067323465836562568,6.7941056426656932e-11,0.0079289981153184159,2.1520632998141456e-05,4.370839908735543e-07,0.50011519879565491
41.804001303897223,1116,0.068564220274124885,7.2787257991702159e-11,0.0080751275439620279,2.2320399684427027e-05,4.5340299833105763e-07,0.50011522503267325
41.953824434808119,1120,0.069825570828658465,7.1335310922182593e-11,0.0082236826732230792,2.3149904719808332e-05,4.7033315183325617e-07,0.50011525226806131
42.103647256020153,1124,0.071108083671794609,6.6223793809827569e-11,0.0083747301837714064,2.4010275067450305e-05,4.8789037361182634e-07,0.50011528054163512
42.253469761157554,1128,0.07241236334975866,6.3946689957128378e-11,0.0085283412758315053,2.4902679963690428e-05,5.0609823389774731e-07,0.50011530990272202
42.40329194578927,1132,0.073739077157706889,6.858594855246869e-11,0.0086845945398617026,2.5828333160079447e-05,5.2498044358956738e-07,0.50011534040214167
42.553113805544641,1136,0.075088969704614733,7.5781200759017509e-11,0.0088435776719288858,2.6788492832355473e-05,5.4455853027236616e-07,0.50011537208506718
42.702935334891087,1140,0.076462823879363151,7.7796296314713853e-11,0.0090053828765026909,2.7784462179739342e-05,5.6486550657815971e-07,0.50011540499049489
42.852756525595495,1144,0.077861427342403394,7.5971797429408294e-11,0.0091701029200228108,2.8817589908362181e-05,5.859343616193183e-07,0.50011543915566703
43.002577369908238,1148,0.079285579361780156,7.4944031883128481e-11,0.0093378319360092783,2.988927085863927e-05,6.0777891760692102e-07,0.50011547461980643
43.152397859102706,1152,0.080736101571450614,7.4667719923704468e-11,0.0095086666921198049,3.100095026187784e-05,6.3041802105816234e-07,0.50011551142471844
43.30221798673157,1156,0.082213818509963094,7.260151334287368e-11,0.0096827042980993285,3.2154124247977078e-05,6.5389408361997743e-07,0.50011554961414229
43.452037745945901,1160,0.083719537930330587,6.8999932503754913e-11,0.009860039886782114,3.3350340953419372e-05,6.782426303235186e-07,0.500115589233322
43.60185712731429,1164,0.085254048183143055,6.5399137494370763e-11,0.010040766305888705,3.4591202217210934e-05,7.0348749862557564e-07,0.5001156303283103
43.75167612082312,1168,0.086818106961656177,6.4068254174154404e-11,0.010224972792482606,3.5878364831380219e-05,7.2965780452375066e-07,0.50011567294497972
43.901494715967608,1172,0.088412427663528984,6.2804329445387275e-11,0.010412743366728611,3.7213542671519766e-05,7.5679240967685259e-07,0.50011571712800351
44.051312897352062,1176,0.090037689093760087,6.0051338901523366e-11,0.010604157974652785,3.8598509423912381e-05,7.8492659416549246e-07,0.50011576291908977
44.201130648710659,1180,0.091694539012665055,5.7501892136713195e-11,0.010799292906004289,4.0035100757646372e-05,8.1409195944089094e-07,0.50011581035310737
44.350947952721064,1184,0.093383583903585199,5.6818801399960428e-11,0.010998219589150787,4.1525216168025815e-05,8.4433676836378263e-07,0.50011585945139259
44.500764794301318,1188,0.095105383621133799,5.850334626467113e-11,0.011201003960777483,4.3070821808443825e-05,8.7570536064045527e-07,0.50011591021232971
44.650581163210859,1192,0.096860457606948433,6.1702112169603751e-11,0.011407707197945214,4.4673953503969544e-05,9.0822868652121338e-07,0.50011596259838398
44.800397058216298,1196,0.098649302748643308,6.5441695465406902e-11,0.011618387821422447,4.6336719577531572e-05,9.4195175501011924e-07,0.50011601651600535
44.950212477962552,1200,0.10047239258216331,6.6911469420727343e-11,0.011833101601742795,4.8061303515110383e-05,9.7693361921090146e-07,0.5001160717819918
45.100027426744425,1204,0.1023301649094159,6.3827993238008141e-11,0.012051900100875867,4.9849967122146266e-05,1.013222717129731e-06,0.5001161280681955
45.249841905105932,1208,0.1042230263241801,5.6814962456908091e-11,0.012274831205264633,5.1705053663263226e-05,1.0508538829462719e-06,0.50011618481326348
45.399655909835403,1212,0.10615137410095796,4.9992624623351745e-11,0.012501941703777417,5.3628991462217768e-05,1.0898793131844607e-06,0.50011624108225017
45.549469429468097,1216,0.10811561637949549,4.7718945114794131e-11,0.012733279664932925,5.5624298052238111e-05,1.1303639774911706e-06,0.50011629534546642
45.699282447370464,1220,0.11011616374932628,4.9945927602101925e-11,0.012968893445772754,5.7693584405761459e-05,1.1723732812898252e-06,0.50011634514430203
45.849094947382007,1224,0.11215342244627266,5.3101292460389082e-11,0.013208830890581651,5.9839558939528661e-05,1.2159877614676533e-06,0.5001163866169831
45.998906914349618,1228,0.11422780895968943,5.3174995656712909e-11,0.013453141051250634,6.2065030243170228e-05,1.2612790072385159e-06,0.50011641386947792
46.148718331400694,1232,0.11633976501427679,4.9703668264511336e-11,0.013701875951754882,6.4372908802997714e-05,1.3083244630956643e-06,0.50011641820356367
46.298529183107028,1236,0.11848976573194291,4.5530265321835905e-11,0.013955091549414289,6.6766210570780353e-05,1.3573142908972648e-06,0.50011638729108765
46.448339455625188,1240,0.12067832183758712,4.3699944704544968e-11,0.014212847994678836,6.9248065697200648e-05,1.4086688378440284e-06,0.50011630458343603
46.598149131441417,1244,0.12290598054129184,4.485261120845685e-11,0.014475209735028438,7.1821735732485178e-05,1.4630242705238576e-06,0.50011614962623696
46.747958197553253,1248,0.12517332166739176,4.6868073658168363e-11,0.014742245059075386,7.4490638788007733e-05,1.5209337805631774e-06,0.50011590039642773
46.897766642270142,1252,0.12748095154997396,4.6699918238024551e-11,0.015014025377608984,7.7258366192881273e-05,1.5823622574270131e-06,0.5001155388113806
47.047574450367634,1256,0.12982950528939013,4.4541779986584373e-11,0.015290625489355484,8.0128655690091499e-05,1.6463789112207684e-06,0.5001150594995063
47.197381606468063,1260,0.13221966212671926,4.3560124257657762e-11,0.015572125391700168,8.3105298169205077e-05,1.7115149905109148e-06,0.50011447967987199
47.347188095183412,1264,0.1346521610636402,4.5342918655877362e-11,0.01585861212031249,8.6192042612321865e-05,1.7763330632210934e-06,0.50011384579686624
47.496993902474998,1268,0.13712779808965797,4.7282696855055484e-11,0.016150179422583594,8.9392654892861038e-05,1.8401835971600319e-06,0.50011323225978732
47.646799017067316,1272,0.13964740633890974,4.6727958308290241e-11,0.016446925420600948,9.271117587146446e-05,1.9030332449775632e-06,0.50011272999529488
47.796603425991457,1276,0.14221184182774879,4.4504707211179273e-11,0.01674895093139718,9.6152117379920789e-05,1.9652440998442947e-06,0.50011242657990751
47.946407112286167,1280,0.14482198714867045,4.2244227213550367e-11,0.017056359902000939,9.9720307718469792e-05,2.028127550133682e-06,0.50011238385026602
48.096210058951911,1284,0.1474787654268917,4.0962276973144363e-11,0.017369261053168276,0.00010342059227574637,2.1084328455706593e-06,0.50011262123989375
48.246012249688569,1288,0.15018314912944081,3.9705561755143393e-11,0.017687768916870149,0.00010725784469995294,2.1953061351252955e-06,0.50011311165851802
48.395813669948353,1292,0.15293615737805191,3.7204402753010513e-11,0.018012003519819523,0.00011123729414248181,2.2816272342436857e-06,0.50011379130681699
48.545614305530755,1296,0.1557388528721434,3.449718809223068e-11,0.018342090021076174,0.00011536470978442382,2.3665349551723407e-06,0.50011457859641328
48.695414143501466,1300,0.15859234110683673,3.3593048481828092e-11,0.018678158619949158,0.00011964622749818206,2.4510629103307067e-06,0.50011539435706098
48.845213164763607,1304,0.16149776297628343,3.4858387010228142e-11,0.01902034368485615,0.0001240880477768014,2.5372391862274771e-06,0.50011617670571673
48.995011351098313,1308,0.16445628291136952,3.6868695596492529e-11,0.019368782356245669,0.00012869628551073553,2.626655026589528e-06,0.5001168874835078
49.144808681180919,1312,0.16746907429073146,3.7297460259155812e-11,0.019723612828384477,0.00013347700105364947,2.7200229236477122e-06,0.50011751085993583
49.294605138419321,1316,0.17053731207945039,3.4647285040989573e-11,0.02008497348238231,0.00013843631716921871,2.8175767445989457e-06,0.50011804719720176
49.444400708076437,1320,0.1736621795696611,2.8924904138527552e-11,0.0204530036800648,0.0001435805421367658,2.9196552231631293e-06,0.50011850588871476
49.594195373868587,1324,0.17684487913691282,2.1212205603138301e-11,0.020827845030800173,0.00014891625693660044,3.027287938558962e-06,0.50011889980079594
49.743989112092471,1328,0.18008663148080564,1.3652742131275986e-11,0.021209641302065454,0.00015445035396287722,3.1411032930089407e-06,0.50011924213655345
49.893781900423726,1332,0.18338866326068298,8.9219603927048752e-12,0.021598536963244413,0.00016019004365784654,3.2587948219349171e-06,0.50011954516383972
50.043573706803734,1336,0.18675219673826604,8.5956589068736378e-12,0.021994675965792358,0.00016614285040297458,3.3807886140961284e-06,0.50011981983559894
50.193364501319969,1340,0.19017845476980388,1.1481295081328113e-11,0.022398202331184915,0.00017231660605410604,3.5072016265706747e-06,0.50012007563560879
50.343154255617023,1344,0.19366867427058029,1.429941234865062e-11,0.022809261736695709,0.00017871943984139113,3.6378828281533099e-06,0.50012032044539301
50.492942940215215,1348,0.19722410971097654,1.4419753585626083e-11,0.023228001927143953,0.00018535977133996657,3.7730386295771085e-06,0.50012056048437903
50.642730539040727,1352,0.20084602540080412,1.2457580106373101e-11,0.023654571806184386,0.00019224631496025636,3.9131792995736434e-06,0.50012080039603513
50.792517046275655,1356,0.20453568835662439,1.2575822327942632e-11,0.024089120596258274,0.00019938809836778489,4.0585913076815323e-06,0.50012104347765129
50.942302454170594,1360,0.20829437051247238,1.9039072401971779e-11,0.024531798098960673,0.00020679449524890178,4.2093491431865655e-06,0.50012129199372524
51.092086753035012,1364,0.212123359218026,3.211330160124426e-11,0.024982755931458683,0.0002144752691497248,4.3655935796887198e-06,0.50012154749816495
51.241869927400998,1368,0.21602396093230805,4.779412629551949e-11,0.025442147961515959,0.00022244061897242954,4.5276946833827185e-06,0.50012181110370901
51.391651950217295,1372,0.21999749339147728,6.0951479974313827e-11,0.025910129385056973,0.00023070121501575069,4.6960079769356942e-06,0.50012208366555078
51.541432789043512,1376,0.22404528221325445,6.8867942598638265e-11,0.026386856326254465,0.0002392682208552369,4.8705750505241884e-06,0.50012236588231085
51.691212410442027,1380,0.2281686699170416,7.2095551750805953e-11,0.026872486899870884,0.00024815329949931736,5.0514523030371781e-06,0.50012265834445102
51.840990773268388,1384,0.23236902828964112,7.2925498972864489e-11,0.027367182667626742,0.00025736860599076506,5.2388597343933703e-06,0.50012296156356817
51.990767848362026,1388,0.23664776266476156,7.3583385912234789e-11,0.027871109142217913,0.00026692677610450598,5.4331899467478713e-06,0.50012327600081319
52.140543609584348,1392,0.24100630155144398,7.5158768098049222e-11,0.028384434565807116,0.00027684090947742711,5.6348839213782524e-06,0.50012360209499673
52.290318021799074,1396,0.24544608775239138,7.749124605882507e-11,0.028907328863988217,0.00028712455166446816,5.8442282375706238e-06,0.5001239402844827
52.440091053507857,1400,0.24996857560598637,8.0186586537411841e-11,0.029439963320965781,0.00029779167944459623,6.0614407147708315e-06,0.50012429101997014
52.589862670893837,1404,0.25457523795896297,8.2595087019798896e-11,0.029982511400759127,0.00030885668891534994,6.2868498194268259e-06,0.50012465476912893
52.7396328384066,1408,0.25926757330656708,8.4340118222669958e-11,0.030535149588132259,0.0003203343909529609,6.5207834176257767e-06,0.50012503201561864
52.889401528630891,1412,0.26404710519200159,8.5556967760469504e-11,0.031098057317863741,0.00033224001579178805,6.7635617148887042e-06,0.50012542325553855
53.039168713970135,1416,0.26891537573895435,8.6623045542078003e-11,0.031671416213042383,0.00034458923081033142,7.015489348047604e-06,0.5001258289946573
53.188934356789389,1420,0.27387394027587819,8.7962543499076062e-11,0.032255409451943662,0.00035739816516128491,7.2767923943873851e-06,0.50012624974924569
53.338698424022269,1424,0.27892436487918526,8.9874448161442189e-11,0.032850221478680289,0.00037068345017497381,7.5477541234709678e-06,0.50012668605116029
53.488460877194974,1428,0.28406822754993571,9.2337748558435351e-11,0.033456038141786285,0.00038446226262017118,7.8287910383815674e-06,0.50012713845518231
53.638221684275003,1432,0.28930712338850084,9.5503764618865006e-11,0.034073047303661209,0.00039875237609940687,8.1201779679704744e-06,0.50012760754626495
53.787980816370194,1436,0.29464267041125947,9.9823739552196145e-11,0.034701439525629527,0.00041357221548020634,8.4222427664296837e-06,0.50012809394433633
53.937738244579783,1440,0.30007651407611491,1.0549270831883284e-10,0.035341408600931871,0.00042894091318879937,8.7354251366880982e-06,0.50012859830612122
54.087493928382166,1444,0.30561032870695315,1.1171717023694683e-10,0.035993151722490069,0.00044487836579089519,9.0602360574984365e-06,0.50012912132404641
54.23724782752565,1448,0.31124581842988119,1.1691048129591763e-10,0.036656869593172318,0.00046140528961999028,9.3971235287325819e-06,0.50012966372317469
54.386999895843239,1452,0.31698471830138286,1.2004077246108302e-10,0.037332766558661364,0.00047854327421457434,9.7464692946437421e-06,0.50013022625722359
54.536750098208927,1456,0.32282879862073699,1.2168722973715518e-10,0.03802105111534803,0.00049631483514042186,1.0108763693815945e-05,0.50013080970574253
54.686498401897595,1460,0.32877986975789841,1.2341545146954402e-10,0.038721936478933287,0.00051474346322008438,1.048457025761806e-05,0.50013141487436752
54.83624477350223,1464,0.33483978714174256,1.2620251371719959e-10,0.03943564117191703,0.00053385366916150023,1.0874293000812856e-05,0.50013204259834609
54.985989163648838,1468,0.34101045392233292,1.2967805995689474e-10,0.040162389337145728,0.00055367101868954898,1.1278361358874299e-05,0.5001326937467967
55.135731527488886,1472,0.34729382409040099,1.327611423573849e-10,0.040902411105208099,0.00057422216547611013,1.1697262891967511e-05,0.50013336922428542
55.285471812996278,1476,0.35369190547338797,1.349563516495067e-10,0.041655942947292891,0.00059553487584265339,1.2131719355930957e-05,0.50013406996790311
55.435209979267903,1480,0.36020676296618148,1.3665008707919313e-10,0.042423228055687802,0.00061763805513924538,1.2582380893473364e-05,0.50013479694178964
55.584945985968155,1484,0.36684051947838114,1.3827692463275199e-10,0.043204516455343345,0.00064056176628305632,1.3050001775748065e-05,0.50013555113213637
55.734679786841717,1488,0.37359535638039698,1.3955162719847536e-10,0.044000065056411942,0.00066433724490575115,1.3535214502267297e-05,0.50013633354694298
55.884411327687481,1492,0.38047351440558674,1.3965490569534111e-10,0.044810137760496846,0.00068899691111656532,1.40385445830458e-05,0.5001371452217912
56.034140563370272,1496,0.38747729587038249,1.3843858004403131e-10,0.045635005722126774,0.00071457438292709145,1.4560597293284397e-05,0.50013798722881131
56.183867434674582,1500,0.39460906341529378,1.3705876711345155e-10,0.046474947200477998,0.00074110448341844462,1.5102062549926202e-05,0.50013886068379554
56.333591896659122,1504,0.40187123966377403,1.3721235259112063e-10,0.047330247519197448,0.00076862325891371075,1.5663731987079174e-05,0.50013976674938332
56.483313904899397,1508,0.40926630404176534,1.3979950530540464e-10,0.048201198691825688,0.00079716799366875556,1.6246437144834372e-05,0.50014070663413823
56.633033400176359,1512,0.41679678955606331,1.4427227468249981e-10,0.049088099042369944,0.00082677722819839974,1.6850945741626946e-05,0.50014168159012984
56.782750326559835,1516,0.42446528204783107,1.4926689051453224e-10,0.049991253117386954,0.00085749078888395938,1.7478033638001528e-05,0.50014269291202329
56.932464634176306,1520,0.43227441884707629,1.5375120621108351e-10,0.05091097152751449,0.00088934982046972992,1.8128540107424385e-05,0.50014374193824396
57.082176256042317,1524,0.44022688548442224,1.5766300764941121e-10,0.051847570560201311,0.00092239681885558677,1.8803377016445433e-05,0.50014483005171873
57.231885139204259,1528,0.44832541439221296,1.6162339522285407e-10,0.052801372026730249,0.00095667568087506026,1.9503344909787806e-05,0.5001459586767325
57.381591230645114,1532,0.45657278124326633,1.6620402276679158e-10,0.053772702831016136,0.00099223174997769463,2.0229341759122876e-05,0.50014712927055716
57.53129445836916,1536,0.46497180361846646,1.7140756869427065e-10,0.054761894812681934,0.0010291118713468307,2.0982438534108692e-05,0.50014834331714075
57.680994764994139,1540,0.47352534746818742,1.7662409035335003e-10,0.055769285508050714,0.0010673644722134889,2.1763606641443593e-05,0.50014960233510275
57.830692090310357,1544,0.48223633067283783,1.8102640220174493e-10,0.056795218569487563,0.001107039631097858,2.2573907476131694e-05,0.50015090790133154
57.980386357935323,1548,0.49110771454055524,1.8410804131230307e-10,0.057840042764043448,0.0011481891511692982,2.3414284435943016e-05,0.50015226167529403
58.130077509529954,1552,0.50014247771974829,1.8629820602855673e-10,0.05890410890101385,0.0011908666660846025,2.4286071770802674e-05,0.50015366540765716
58.279765483127363,1556,0.509343586565562,1.8923178995988721e-10,0.059987766341859317,0.0012351277439681609,2.5190552458387337e-05,0.50015512093076864
58.429450195684602,1560,0.51871399419605535,1.948257111195062e-10,0.061091362889047131,0.0012810299871843277,2.6128696325679074e-05,0.500156630146121
58.579131581906466,1564,0.52825671943075458,2.0387782434516666e-10,0.062215254083012358,0.0013286331302333539,2.7101618313799741e-05,0.50015819502437853
58.728809564077515,1568,0.5379749757704867,2.1511459280532108e-10,0.063359818392713554,0.0013779991134385862,2.8110609024090433e-05,0.5001598176135863
58.878484061621904,1572,0.54787212631192506,2.2424811313426218e-10,0.064525451905708797,0.00142919220779745,2.915696049390256e-05,0.50016150004459159
59.028155009619233,1576,0.55795172772542723,2.2606316818496452e-10,0.065712573507630476,0.0014822791638212185,3.0242015522273245e-05,0.50016324453091576
59.177822339847467,1580,0.56821742439508638,2.2024613383075931e-10,0.066921612414566137,0.0015373292909188034,3.1367174969731052e-05,0.50016505337063621
59.327485958971472,1584,0.57867236204762118,2.1447505577087966e-10,0.068152939113401936,0.0015944144929336411,3.2534120781272744e-05,0.50016692895766823
59.47714579084046,1588,0.58931900986285912,2.1912496817044769e-10,0.069406844410945828,0.0016536094429165651,3.3744633730919413e-05,0.5001688737972757
59.626801739536219,1592,0.60015970330571999,2.3836574380986519e-10,0.070683603365778294,0.0017149919121572828,3.5000151055802432e-05,0.50017089051029173
59.776453723641119,1596,0.61119782753458185,2.6048066481543231e-10,0.071983614663767112,0.0017786430591199211,3.630241436540415e-05,0.50017298182362069
59.926101669279639,1600,0.62243829740530288,2.7543878289293389e-10,0.073307457150376551,0.0018446473371828529,3.7653123523613355e-05,0.50017515055711426
60.075745499898083,1604,0.63388534129626251,2.808290544553671e-10,0.074655628821421058,0.0019130921770561977,3.9054008793696513e-05,0.50017739962268193
60.225385110729924,1608,0.6455420609145992,2.8324501771814781e-10,0.076028494979395816,0.0019840678971388553,4.0507154899561992e-05,0.50017973203602684
60.375020408377871,1612,0.65741253874019823,2.847255833882123e-10,0.077426536436970159,0.0020576680766372845,4.2014510698648953e-05,0.50018215092801732
60.524651282339441,1616,0.66950191289547789,2.9037434956524777e-10,0.078850358334750903,0.0021339900039589878,4.3578015134179813e-05,0.50018465954523583
60.674277647972772,1620,0.68181496050258739,2.9738572715487521e-10,0.08030052329666193,0.002213134921224256,4.5199610531786143e-05,0.50018726124851964
60.823899422939562,1624,0.69435536968686329,2.9555979885742545e-10,0.08177746569040073,0.0022952080333245818,4.6881148286458051e-05,0.50018995951560252
60.97351652231697,1628,0.70712554591186461,2.7464133744992125e-10,0.083281468818613563,0.0023803185319002398,4.862490239281641e-05,0.5001927579480695
61.123128829607595,1632,0.72012821069346855,2.3954579986273927e-10,0.084812853206900102,0.0024685796678678121,5.0433320672166131e-05,0.50019566027764795
61.272736232656541,1636,0.73336724672488596,2.1034067543279633e-10,0.086372076138122589,0.0025601088783247889,5.2308892858106143e-05,0.50019867037328536
61.422338609469577,1640,0.74684726876768892,2.088286071844081e-10,0.087959681114243529,0.0026550278782285358,5.4254484170539266e-05,0.50020179224706718
61.571935867188984,1644,0.76057304443044671,2.423947709218055e-10,0.089576229638728203,0.0027534628016610968,5.6272479762188418e-05,0.50020503005771189
61.721527911851716,1648,0.77454931862249921,2.9614993790616495e-10,0.09122228054164791,0.0028555443375647581,5.8365455410482594e-05,0.50020838810566715
61.871114639359675,1652,0.78878083283583333,3.4622181510624017e-10,0.092898392250596359,0.0029614079039390851,6.0536180627463261e-05,0.50021187082649399
62.0206959134211,1656,0.80327244047719271,3.7822862897218812e-10,0.094605136373889398,0.0030711938259708124,6.2787641518687815e-05,0.50021548279205497
62.170271618603728,1660,0.81802908444830047,3.9226548398385575e-10,0.096343095060083386,0.0031850475622786948,6.5122811779406083e-05,0.50021922872630509
62.319841614006606,1664,0.83305575761673056,3.9224606895871261e-10,0.098112856342445667,0.0033031198466134367,6.7544637905248117e-05,0.50022311352490623
62.469405792754962,1668,0.84835748034763103,3.8628789056360802e-10,0.099915011492760927,0.0034255669043167349,7.0056224808187726e-05,0.50022714227465381
62.618964048412614,1672,0.86393929520796153,3.7886938031306272e-10,0.10175015439762462,0.0035525506101731358,7.2660999626219486e-05,0.50023132026443751
62.768516253245494,1676,0.87980632153424654,3.6851362239520569e-10,0.10361888798514138,0.0036842386741168789,7.5362728893216673e-05,0.50023565299088824
62.918062256784225,1680,0.89596380772073281,3.5285055433043055e-10,0.10552183038314485,0.0038208048672745687,7.8164969331129326e-05,0.5002401461596071
63.067601935477796,1684,0.91241713650400658,3.3409294775132992e-10,0.10745961554159165,0.0039624293142412267,8.1071415504084234e-05,0.50024480568468677
63.217135126795675,1688,0.92917181554863837,3.1650382315007164e-10,0.10943289212378898,0.0041092986862987149,8.4085826822654714e-05,0.50024963768646369
63.366661704311419,1692,0.9462335074964654,3.0128093075898477e-10,0.11144232704543845,0.0042616065282834598,8.7212263201040353e-05,0.50025464850137946
63.51618154667981,1696,0.96360801210314084,2.898838946663318e-10,0.11348860337077439,0.0044195534911516798,9.0454977112087515e-05,0.50025984469692553
63.665694494120977,1700,0.98130118980908732,2.8391525241922011e-10,0.11557241131115904,0.004583347550265798,9.3818208714411153e-05,0.50026523308800142
63.815200389653086,1704,0.99931891605096634,2.8490941550440851e-10,0.11769444284413152,0.0047532043194612574,9.7306288265918385e-05,0.50027082075203444
63.964699099687024,1708,1.0176671096981762,2.9269785206675891e-10,0.11985539506250668,0.0049293473614120233,0.00010092388209271146,0.50027661503872767
64.114190440517774,1712,1.0363517500724659,3.0540239781551293e-10,0.12205597217885424,0.0051120084000506171,0.00010467587861396303,0.50028262357412778
64.263674263582246,1716,1.0553788732571119,3.2109337411156957e-10,0.12429688509081332,0.0053014277322763585,0.00010856744992944619,0.50028885427073466
64.413150428085387,1720,1.0747545630535671,3.3858774117767609e-10,0.12657885031601498,0.0054978545207597712,0.00011260389572828342,0.50029531533425886
64.562618741472448,1724,1.0944849695013206,3.5782601881528819e-10,0.12890259217325226,0.0057015470392903726,0.00011679066728232252,0.5003020152703036
64.712079039253709,1728,1.114576355194248,3.7942607389318539e-10,0.13126884823737248,0.0059127731034095982,0.00012113337384267731,0.50030896289996185
64.861531167928419,1732,1.1350350988666276,4.0340991658283087e-10,0.13367836976161909,0.0061318103896203027,0.00012563787449207828,0.50031616737393569
65.010974919799324,1736,1.1558676926399802,4.2840347935779732e-10,0.13613192135337923,0.0063589466876454396,0.00013031031339126801,0.50032363818331793
65.160410129607627,1740,1.1770807865992721,4.5236293877426448e-10,0.13863028622413059,0.0065944804013155865,0.00013515679428790958,0.50033138517415343
65.309836639179409,1744,1.1986812084747061,4.7390477653230789e-10,0.14117426850745779,0.006838720868128376,0.00014018375069770094,0.50033941855255504
65.459254232177301,1748,1.2206759537788481,4.9281467795481149e-10,0.14376469209745571,0.0070919886241613333,0.00014539797706636289,0.50034774888864986
65.608662719780881,1752,1.2430721887160661,5.0950306473840357e-10,0.14640240099138774,0.0073546159165518701,0.00015080652049119246,0.50035638713280439
65.758061919579774,1756,1.2658772552647135,5.2412325868278486e-10,0.14908825988823815,0.0076269470624188949,0.00015641665548496518,0.50036534463026516
65.907451594928688,1760,1.2890986691571835,5.3611684536214455e-10,0.15182315395081372,0.0079093387399445398,0.00016223577991018816,0.50037463313439634
66.056831565044931,1764,1.3127441207065962,5.4485085887456819e-10,0.15460798890310645,0.0082021606137869484,0.00016827162137461466,0.50038426482944764
66.2062016525568,1768,1.3368214451055636,5.4999566012625678e-10,0.15744368753224094,0.008505795691366367,0.00017453216733442827,0.50039425234256185
66.355561626883429,1772,1.3613386087940045,5.5171869850489941e-10,0.16033118808294827,0.0088206406622209459,0.00018102557820967767,0.50040460875405679
66.50491125622311,1776,1.3863037222090604,5.5125701226010904e-10,0.16327144575918315,0.009147106476439645,0.00018776042142854655,0.50041534761416884
66.654250325182829,1780,1.4117250312093879,5.5048995917239552e-10,0.16626543171412272,0.0094856188805570885,0.00019474586493730948,0.50042648295860226
66.803578571085765,1784,1.4376108834093997,5.5079515948186497e-10,0.16931412908519355,0.0098366187867125268,0.0002019914231938484,0.50043802931947501
66.95289579337441,1788,1.4639697353873307,5.5213397742726045e-10,0.17241853384299893,0.010200563059110015,0.00020950665861999262,0.5004500017522342
67.102201791486451,1792,1.4908101442649091,5.5365306783627943e-10,0.17557965379961762,0.010577924938518845,0.00021730134006452771,0.50046241585190088
67.251496328310253,1796,1.5181407619849439,5.5451090941183168e-10,0.17879850793464871,0.010969194536169041,0.00022538575096886257,0.50047528777054973
67.400779121051414,1800,1.5459703294930525,5.54573637012723e-10,0.18207612570996654,0.011374879407529135,0.00023377066243635003,0.50048863423536993
67.550049916047556,1804,1.5743076906454689,5.5450125047151744e-10,0.18541354870770804,0.011795505386944724,0.00024246716048144368,0.50050247257396585
67.699308419318939,1808,1.6031617869900656,5.5503174278825895e-10,0.18881183001560933,0.012231617064122544,0.00025148663754853169,0.50051682072844117
67.848554404597365,1812,1.6325416878287506,5.5651686037272441e-10,0.19227203776759441,0.012683778789516442,0.00026084077648595689,0.50053169728955038
67.997787643343827,1816,1.6624565835156726,5.5900728490598794e-10,0.19579525435447329,0.013152575208417859,0.00027054168634730604,0.50054712151696679
68.147007887002701,1820,1.6929157884220145,5.6233459555521392e-10,0.1993825767731198,0.013638611954003926,0.00028060619069396396,0.50056311336295434
68.296214805098302,1824,1.7239287387461479,5.6637514123103472e-10,0.20303511636856306,0.014142516207249968,0.00029105091204571884,0.50057969348779174
68.445408094951475,1828,1.7555050299871018,5.7156779309508465e-10,0.20675400324741261,0.014664937853495142,0.00030188308180688507,0.50059688329029528
68.594587424967955,1832,1.7876544214655032,5.7883278725689991e-10,0.21054038681031051,0.015206550143133279,0.00031311690982286771,0.50061470491777416
68.743752537602589,1836,1.8203868713332811,5.8920868184486608e-10,0.21439543987518728,0.015768050939938293,0.00032476707649662794,0.50063318128837231
68.892903169399659,1840,1.8537125301484076,6.0281993286004365e-10,0.21832035792052915,0.016350163350974133,0.00033684886919555722,0.50065233607878423
69.04203904300222,1844,1.8876417496965949,6.1879762425220974e-10,0.2223163601243506,0.016953636616013359,0.00034937819161705606,0.50067219369639659
69.191159782392887,1848,1.9221850729385259,6.3557289986526655e-10,0.22638468818023266,0.017579246688875269,0.00036237163418591608,0.5006927792082797
69.340265042894373,1852,1.9573532712190376,6.5157740314347734e-10,0.23052661067962191,0.018227797712625074,0.00037584646185175524,0.50071411826275902
69.489354431814675,1856,1.9931573318613978,6.6609351367930003e-10,0.23474342165075054,0.018900122677002876,0.00038982050822775109,0.50073623694237723
69.638427653045184,1860,2.0296084972420529,6.7976596573871007e-10,0.23903644516065145,0.019597085095641481,0.00040431208534168716,0.50075916158318079
69.787484418054646,1864,2.0667182463171465,6.9416089543139492e-10,0.24340703313945034,0.020319579720838407,0.00041933985806851063,0.50078291842751532
69.936524432822168,1868,2.1044982895025095,7.1054953587612601e-10,0.24785656477735815,0.021068533596282218,0.00043492330103870312,0.5008075330459506
70.0855472974755,1872,2.1429605397620168,7.2899286607253089e-10,0.25238644311961239,0.021844906621252415,0.00045108389095104381,0.50083302942035623
70.23455266241524,1876,2.1821171525734022,7.4836359331698077e-10,0.25699809977343718,0.022649693323165951,0.00046784699824022454,0.50085942884519241
70.383540097054194,1880,2.221980496555072,7.6730444220629579e-10,0.26169299144862618,0.023483923047497433,0.00048524218379114901,0.50088674903234653
70.532509241423114,1884,2.2625631938591817,7.8529011071637456e-10,0.26647260471482359,0.024348661609978034,0.0005033006805501781,0.50091500444009629
70.681459760757079,1888,2.3038781004227613,8.0274675795521944e-10,0.27133845367560705,0.025245012130186911,0.00052205145803776044,0.50094420887217816
70.830391312182371,1892,2.3459382811520584,8.2044901428268702e-10,0.2762920770458322,0.026174116423352413,0.00054151678487009483,0.50097438111522263
70.979303437613098,1896,2.3887569648436209,8.3900969505279477e-10,0.28133503284247852,0.02713715647163906,0.00056171007705404694,0.50100555317541462
71.128195716287195,1900,2.4323475826179957,8.5835946683765485e-10,0.28646890291116528,0.028135357631482859,0.0005826377253192323,0.501037779122396
71.277067712069751,1904,2.4767237569071328,8.7797316639104395e-10,0.29169529162914654,0.029169989824970176,0.00060430373634048646,0.50107114101528338
71.425918941944246,1908,2.5218992940791041,8.9753840470940816e-10,0.29701582503669022,0.030242367451648065,0.00062671615033142356,0.50110574835025323
71.574749026297383,1912,2.5678882246176573,9.1692076154004098e-10,0.3024321555692111,0.031353849784659098,0.00064989328241091499,0.50114172908043608
71.723557580306306,1916,2.6147047623702857,9.3633362174827539e-10,0.30794595725772617,0.032505840020067733,0.00067386708223795427,0.50117921324251025
71.872344138512844,1920,2.6623632753657018,9.5581270675992869e-10,0.31355892229189269,0.033699785964279999,0.00069868559847327744,0.50121831374167036
72.021108180075615,1924,2.7108782958303648,9.7516411612375009e-10,0.31927276219970141,0.034937183256459316,0.0007244086850275791,0.50125911065015361
72.169849283179175,1928,2.7602645797601455,9.9411900933432662e-10,0.32508921486350867,0.036219581120007151,0.00075110225013207957,0.50130164453325754
72.31856687440542,1932,2.810537035479955,1.012554429191681e-09,0.33101003610617141,0.037548584980961398,0.0007788316907198947,0.50134592082816731
72.467260491873276,1936,2.8617108191560634,1.0304578301756351e-09,0.33703701093997762,0.03892586253136944,0.00080765114117875699,0.50139192347941997
72.615929703279718,1940,2.9138013172991197,1.0480415979507995e-09,0.34317195150594565,0.040353145343108618,0.00083760078594285353,0.50143963246492285
72.764574034110709,1944,2.966824129443645,1.0657997817631326e-09,0.34941669503390732,0.041832228631195165,0.00086870640590279641,0.50148903950825041
72.913192862077864,1948,3.0207950330605708,1.0845109810198039e-09,0.35577309971009424,0.04336496894006573,0.00090098644741580752,0.50154015784220884
73.061785697121493,1952,3.0757300854403424,1.1049876569302342e-09,0.36224305667638534,0.044953284976561571,0.00093446067236417282,0.50159302491268631
73.21035198192088,1956,3.1316455541810155,1.1276236611124091e-09,0.36882848184356626,0.046599154131693674,0.00096915492757331434,0.50164769910010898
73.35889107714452,1960,3.188557912077747,1.1518573872493221e-09,0.37553131528944089,0.04830461248859081,0.0010051062388994414,0.50170425350503267
73.507402492215505,1964,3.2464839295230923,1.176300890026738e-09,0.38235353214124485,0.050071760159351379,0.0010423610426371131,0.50176276971555667
73.655885738108935,1968,3.3054406256371394,1.1993600557147488e-09,0.38929713682001355,0.051902764276346804,0.0010809713855212744,0.50182333319197481
73.804340179223317,1972,3.3654452109306847,1.219996104140364e-09,0.39636415628775751,0.053799862040691204,0.0011209903148506346,0.50188603089518247
73.952765209306165,1976,3.4265151559281595,1.2390992676358792e-09,0.40355664812950404,0.055765367009306274,0.0011624714639602864,0.50195095075273599
74.101160317465926,1980,3.4886682205254975,1.2586668374225951e-09,0.41087670401090987,0.057801673303389263,0.001205468908738331,0.50201818187389557
74.249524812250925,1984,3.5519223430804332,1.2807425120442417e-09,0.41832643661590929,0.059911254403404723,0.0012500370788670178,0.50208781468819275
74.397858046105554,1988,3.6162957381901553,1.3061784986945213e-09,0.42590799116244354,0.062096668396848631,0.0012962320467405264,0.5021599411316211
74.546159459492074,1992,3.6818069253582659,1.3341309723635675e-09,0.43362354877870224,0.06436056110380825,0.0013441135442127095,0.5022346546781512
74.694428454884516,1996,3.7484746804226061,1.3627586281650395e-09,0.44147532078255208,0.066705666599395211,0.0013937442974698631,0.502312050377276
74.842664235517702,2000,3.8163179601153825,1.3906458207202377e-09,0.44946553979663173,0.069134806671452789,0.001445188724980498,0.5023922250304792
74.99086615950867,2004,3.8853560575976145,1.4178896945438169e-09,0.457596478066368,0.071650898610742392,0.0014985127226260103,0.50247527776774314
75.139033606531086,2008,3.9556085418290525,1.4460591057918748e-09,0.46587044031928859,0.074256955711888922,0.0015537830981678931,0.50256131039949437
75.287165741593029,2012,4.0270951409245885,1.477085787016108e-09,0.47428975002736362,0.076956085689490916,0.0016110685545634076,0.50265042763062018
75.435261871289057,2016,4.099835907085188,1.511842151469267e-09,0.48285676883168932,0.079751499818918214,0.0016704398032622734,0.50274273753219823
75.583321361197392,2020,4.1738511785074133,1.5493360483453955e-09,0.4915738920563954,0.082646514928429976,0.0017319709615115973,0.50283835169543578
75.73134351123872,2024,4.2491615157218714,1.5870748049096051e-09,0.50044354121092738,0.085644554288232991,0.0017957457697689782,0.5029373852967457
75.879327426508084,2028,4.3257876288003807,1.622368128728624e-09,0.50946815541689594,0.088749147817425433,0.0018618719990895103,0.50303995711565874
76.027272412456256,2032,4.4037505753093846,1.6537078373346503e-09,0.5186502147219717,0.091963943132813808,0.0019304010140438379,0.50314618990137439
76.175177767049632,2036,4.4830716533975012,1.681307815193378e-09,0.52799222750830888,0.095292704410605555,0.0020014164585108766,0.50325621033429646
76.32304254079645,2040,4.5637722657830881,1.7066304480728434e-09,0.53749671447372671,0.098739309375373133,0.0020750048117121143,0.50337014892787835
76.47086596100857,2044,4.6458741422727847,1.7314188416328591e-09,0.54716623483875471,0.10230776126801844,0.002151256598526463,0.50348814042826007
76.618647309588923,2048,4.7293992756966272,1.7568832499925691e-09,0.55700337880141293,0.10600218898220212,0.0022302670901619579,0.50361032382394733
76.766385813571546,2052,4.8143698576404903,1.7834099752533916e-09,0.567010759968122,0.10982684693735444,0.0023121343839511976,0.50373684236048855
76.914080464797195,2056,4.9008081646418979,1.8107950139345519e-09,0.57719100195045414,0.11378611245797501,0.0023969586990487657,0.50386784349554725
77.061730460025103,2060,4.9887368053280952,1.8386395184144533e-09,0.5875467674717344,0.11788449971206463,0.0024848421543452459,0.50400347937992562
77.209335020463143,2064,5.0781786158234414,1.8666845846837532e-09,0.59808074604868278,0.12212665819183363,0.0025758899373335515,0.50414390682828858
77.356893104635958,2068,5.1691564786421669,1.895008316932234e-09,0.60879563266157033,0.12651736719041712,0.0026702113658520479,0.50428928718023147
77.50440379406686,2072,5.2616935485571394,1.924075232473399e-09,0.61969415435583564,0.13106154977577822,0.0027679202021528067,0.5044397868014282
77.65186627771655,2076,5.3558132439902639,1.95458649265845e-09,0.63077906922809246,0.13576427628536331,0.0028691340355972419,0.50459557722578641
77.799279733087005,2080,5.4515391693188304,1.9871448375674561e-09,0.64205315727578627,0.14063076436513233,0.0029740737737965453,0.50475683519065462
77.946643116570883,2084,5.5488949703254793,2.0220227159306603e-09,0.65351920337286351,0.14566637512874306,0.0030828842150220875,0.50492374254134231
